{
  "train": {
    "count": 500,
    "width": {
      "mean": 1325.966,
      "std": 364.4891834389602
    },
    "height": {
      "mean": 969.226,
      "std": 369.2125931275909
    },
    "pixel_mean": {
      "mean": 122.97796529715903,
      "std": 17.517981640513852
    },
    "pixel_std": {
      "mean": 57.1814186869425,
      "std": 9.68593625817179
    },
    "contrast": {
      "mean": 252.074,
      "std": 13.456467738600647
    }
  },
  "val": {
    "count": 163,
    "width": {
      "mean": 1330.1042944785277,
      "std": 351.05519488943344
    },
    "height": {
      "mean": 961.6871165644171,
      "std": 367.9483412906722
    },
    "pixel_mean": {
      "mean": 122.73176969729923,
      "std": 18.68770876079244
    },
    "pixel_std": {
      "mean": 57.687479839227265,
      "std": 9.503500838650218
    },
    "contrast": {
      "mean": 252.74233128834356,
      "std": 10.867630191358998
    }
  },
  "test": {
    "count": 500,
    "width": {
      "mean": 1312.346,
      "std": 346.4295055043666
    },
    "height": {
      "mean": 950.336,
      "std": 360.57411873843637
    },
    "pixel_mean": {
      "mean": 123.71798337849557,
      "std": 18.63065387873006
    },
    "pixel_std": {
      "mean": 56.53173780810871,
      "std": 9.18651728027124
    },
    "contrast": {
      "mean": 252.906,
      "std": 11.244783857415847
    }
  }
}